{"cameraMode":{"drawMode":0,"name":"Shaded","section":"Shading Mode"},"sceneLighting":false,"audioPlay":false,"sceneViewState":{"showFog":true,"showMaterialUpdate":false,"showSkybox":false,"showFlares":true,"showImageEffects":true,"showParticleSystems":true},"in2DMode":false,"pivot":{"x":-3.622617721557617,"y":3.019632339477539,"z":-2.575716972351074},"rotation":{"x":-0.1817195862531662,"y":0.6166606545448303,"z":-0.14914967119693757,"w":-0.7513167858123779},"size":22.485807418823243,"orthographic":false}