{"cameraMode":{"drawMode":0,"name":"Shaded","section":"Shading Mode"},"sceneLighting":true,"audioPlay":false,"sceneViewState":{"showFog":true,"showMaterialUpdate":false,"showSkybox":true,"showFlares":true,"showImageEffects":true,"showParticleSystems":true},"in2DMode":false,"pivot":{"x":0.0299999862909317,"y":0.5399999618530273,"z":-11.100000381469727},"rotation":{"x":0.012307336553931237,"y":0.018307046964764596,"z":-0.00022948333935346454,"w":0.9997698068618774},"size":6.743760108947754,"orthographic":false}