{"cameraMode":{"drawMode":0,"name":"Shaded","section":"Shading Mode"},"sceneLighting":false,"audioPlay":false,"sceneViewState":{"showFog":true,"showMaterialUpdate":false,"showSkybox":false,"showFlares":true,"showImageEffects":true,"showParticleSystems":true},"in2DMode":false,"pivot":{"x":0.009987592697143555,"y":1.0546929836273194,"z":0.21999692916870118},"rotation":{"x":-0.03612881898880005,"y":0.0975603312253952,"z":-0.0035423976369202139,"w":-0.9945749640464783},"size":22.74237060546875,"orthographic":false}