{"cameraMode":{"drawMode":0,"name":"Shaded","section":"Shading Mode"},"sceneLighting":false,"audioPlay":false,"sceneViewState":{"showFog":true,"showMaterialUpdate":false,"showSkybox":false,"showFlares":true,"showImageEffects":true,"showParticleSystems":true},"in2DMode":false,"pivot":{"x":0.009987592697143555,"y":1.0546929836273194,"z":-0.015002727508544922},"rotation":{"x":0.012307336553931237,"y":0.018307046964764596,"z":-0.00022948333935346454,"w":0.9997698068618774},"size":24.446142196655275,"orthographic":false}