{"cameraMode":{"drawMode":0,"name":"Shaded","section":"Shading Mode"},"sceneLighting":false,"audioPlay":false,"sceneViewState":{"showFog":true,"showMaterialUpdate":false,"showSkybox":false,"showFlares":true,"showImageEffects":true,"showParticleSystems":true},"in2DMode":false,"pivot":{"x":15.6732177734375,"y":-13.515085220336914,"z":10.835153579711914},"rotation":{"x":-0.2674854099750519,"y":-0.42288434505462649,"z":0.13224896788597108,"w":-0.8556743264198303},"size":49.62215805053711,"orthographic":false}