{"cameraMode":{"drawMode":0,"name":"Shaded","section":"Shading Mode"},"sceneLighting":false,"audioPlay":false,"sceneViewState":{"showFog":true,"showMaterialUpdate":false,"showSkybox":false,"showFlares":true,"showImageEffects":true,"showParticleSystems":true},"in2DMode":false,"pivot":{"x":-4.358867168426514,"y":4.627378463745117,"z":21.083065032958986},"rotation":{"x":0.06394978612661362,"y":0.07835756242275238,"z":0.005037092138081789,"w":-0.9948903918266296},"size":26.140914916992189,"orthographic":false}