{"cameraMode":{"drawMode":0,"name":"Shaded","section":"Shading Mode"},"sceneLighting":false,"audioPlay":false,"sceneViewState":{"showFog":true,"showMaterialUpdate":false,"showSkybox":false,"showFlares":true,"showImageEffects":true,"showParticleSystems":true},"in2DMode":false,"pivot":{"x":6.410259246826172,"y":-17.469112396240236,"z":-24.11130714416504},"rotation":{"x":0.021285632625222207,"y":0.9736247658729553,"z":-0.20294895768165589,"w":0.10230313986539841},"size":53.889774322509769,"orthographic":false}