{"cameraMode":{"drawMode":0,"name":"Shaded","section":"Shading Mode"},"sceneLighting":false,"audioPlay":false,"sceneViewState":{"showFog":true,"showMaterialUpdate":false,"showSkybox":false,"showFlares":true,"showImageEffects":true,"showParticleSystems":true},"in2DMode":false,"pivot":{"x":-32.76240539550781,"y":7.642303466796875,"z":-303.3421630859375},"rotation":{"x":-0.21958310902118684,"y":0.07192016392946243,"z":-0.016236700117588044,"w":-0.9728119969367981},"size":176.7230682373047,"orthographic":false}