{"cameraMode":{"drawMode":0,"name":"Shaded","section":"Shading Mode"},"sceneLighting":false,"audioPlay":false,"sceneViewState":{"showFog":true,"showMaterialUpdate":false,"showSkybox":true,"showFlares":true,"showImageEffects":true,"showParticleSystems":true},"in2DMode":false,"pivot":{"x":7.944177150726318,"y":4.043261528015137,"z":-2.3794755935668947},"rotation":{"x":0.09577085077762604,"y":-0.63388991355896,"z":0.07952948659658432,"w":0.7633554339408875},"size":4.982722759246826,"orthographic":false}